<?xml version="1.0" encoding="UTF-8" ?>
<!DOCTYPE mapper
        PUBLIC "-//mybatis.org//DTD Mapper 3.0//EN"
        "http://mybatis.org/dtd/mybatis-3-mapper.dtd">
<mapper namespace="com.ssafy.happyhouse.model.mapper.ReviewMapper">

	<!-- articleno에 해당하는 댓글 조회 -->
	<select id="list" resultType="reviewDto">
		select reviewno, userid, review, reviewtime, aptName, grade
		from review
		where aptName = #{aptName}
		order by reviewtime desc
	</select>

	<!-- 댓글 정보 등록 -->
	<insert id="create" parameterType="reviewDto">
		insert into review(
			reviewno, userid, review, reviewtime, aptName, grade
		) values (
			#{reviewno}, #{userid}, #{review}, now(), #{aptName}, #{grade}
		)
	</insert>
	
	<!-- 댓글 정보 수정 -->
	<update id="modify" parameterType="reviewDto">
		<![CDATA[
		update review
		set review = #{review}, grade = #{grade}
		where reviewno = #{reviewno}
		]]>
	</update>

	<!-- articleno에 따른 댓글 정보 삭제 -->
	<delete id="delete" parameterType="int">
		delete
		from review
		where reviewno = #{reviewno}
	</delete>

	<select id="findAptCode" parameterType="String" resultType="int">
		select distinct r.aptCode
		from review r 
		join houseinfo h
		on r.aptCode = h.aptCode
		where h.aptName = #{aptName}
	</select>
	
</mapper>

