<?xml version="1.0" encoding="UTF-8" ?>
<!DOCTYPE mapper PUBLIC "-//mybatis.org//DTD Mapper 3.0//EN" 
	"http://mybatis.org/dtd/mybatis-3-mapper.dtd">
	
<mapper namespace="com.ssafy.happyhouse.model.mapper.UserMapper">

<select id="listMember" resultType="userDto">
    select userid, username, userpwd, email, address from house_member
  </select>
  
  <select id="listMemberPage" parameterType="map" resultType="userDto">
    select userid, username, userpwd, email, address  
    from house_member
    limit #{currentPage},#{sizePerPage}
  </select>
  
  <insert id="regMember" parameterType="userDto">
  	insert into house_member (userid, username, userpwd, email, address, joindate)
  	values (#{userid},#{username},#{userpwd},#{email},#{address}, now()) 
  </insert>
  
  <select id="login" parameterType="userDto" resultType="userDto">
  	select userid, username, email, address 
  	from house_member 
  	where userid = #{userid}
  	and userpwd = #{userpwd}
  </select>
  
  <select id="findId" parameterType="userDto" resultType="userDto">
  	select userid, email from house_member 
  	where userid = #{userid}
  	and email = #{email}
  	and username = #{username}
  </select>
  
  <select id="userInfo" parameterType="String" resultType="userDto">
		select username, userid, email, address, joindate
		from house_member
		where userid = #{userid}
  </select>
	
  <select id="idCheck" parameterType="map" resultType="userDto">
  	select userid, userpwd from house_member 
  	where userid = #{userid}
  </select>
  
  <delete id="delMember" parameterType="String">
  	delete from house_member
  	where userid = #{userid}
  </delete>
  
  <update id="updateMember" parameterType="userDto">
  	update house_member set userpwd = #{userpwd},
  						username = #{username},
  						email = #{email},
  						address = #{address}
  		where userid = #{userid}				
  </update>
  
  <select id="dynamictest" parameterType="map" resultType="userDto">
  	select userid, username, userpwd, email, address 
  	from house_member
	<where> 
	${col} = #{id}
	</where>
  </select>
  
  <select id="getMember" parameterType="String" resultType="userDto">
		select userid, username, userpwd, email, address, joindate
		from house_member
		where userid = #{userid}
	</select>
</mapper>